,Peak,T1(s),D1(s)
0,7.2_ppm,2.26251866845476,10.6125933422738
1,7.1_ppm,2.170960886373479,10.154804431867396
2,3.7_ppm,2.0839760562554566,9.719880281277284
3,2.5_ppm,1.1495262186148556,5.047631093074278
4,1.9_ppm,1.9696723947436705,9.148361973718353
5,1.5_ppm,0.7320819219698915,2.9604096098494574
6,0.9_ppm,1.1256118031893256,4.928059015946628
